{
  "train_loss": [
    0.5173450049281121,
    0.3066086628317833,
    0.24489204667806624,
    0.2027258193731308,
    0.17297266358733177
  ],
  "train_accuracy": [
    0.8064083333333333,
    0.8933916666666667,
    0.915125,
    0.929775,
    0.9398583333333334
  ],
  "val_accuracy": [
    0.8807894736842106,
    0.9086842105263158,
    0.9142105263157895,
    0.9163157894736842,
    0.9214473684210527
  ],
  "final_test_accuracy": 0.9214473684210527
}